integrantes,vinculacion,horas_dedicacion,url,grupo,inicio_vinculacion,fin_vinculacion,posgrade,clasification,id_scholar,h_index,total_papers
YAMILE CARDONA MAYA,Integrante,4,https://scienti.minciencias.gov.co/cvlac/visualizador/generarCurriculoCv.do?cod_rh=0001376475,SISCO,2018-01-01, Actual,Doctorado,Investigador Junior (IJ),Y2p7DZwAAAAJ,4,2
VICTOR DANIEL GIL VERA,Integrante,10,https://scienti.minciencias.gov.co/cvlac/visualizador/generarCurriculoCv.do?cod_rh=0001482462,SISCO,2014-01-01, Actual,Maestría/Magister,Investigador Asociado (I),1-4BHH8AAAAJ,6,32
ANDRES MAURICIO GRISALES AGUIRRE,Integrante,3,https://scienti.minciencias.gov.co/cvlac/visualizador/generarCurriculoCv.do?cod_rh=0001436256,SISCO,2015-11-01, Actual,Maestría/Magister,Sin clasificar,-urmP7EAAAAJ,3,4
EDGAR ANDRES CHAVARRIAGA MIRANDA,Integrante,4,https://scienti.minciencias.gov.co/cvlac/visualizador/generarCurriculoCv.do?cod_rh=0001405175,SISCO,2018-01-01, Actual,Doctorado,Investigador Junior (IJ),qSOzbFwAAAAJ,2,12
FRANKLIN FERRARO GOMEZ,Integrante,6,https://scienti.minciencias.gov.co/cvlac/visualizador/generarCurriculoCv.do?cod_rh=0000651532,SISCO,2013-07-01, Actual,Doctorado,Investigador Junior (IJ),DNeZOJUAAAAJ,11,15
GABRIEL JAIME POSADA HERNANDEZ,Integrante,3,https://scienti.minciencias.gov.co/cvlac/visualizador/generarCurriculoCv.do?cod_rh=0000409774,SISCO,2011-01-01, Actual,Maestría/Magister,Sin clasificar,_uwscnEAAAAJ,3,0
INGRID DURLEY TORRES PARDO,Integrante,10,https://scienti.minciencias.gov.co/cvlac/visualizador/generarCurriculoCv.do?cod_rh=0001404075,SISCO,2018-01-01, Actual,Doctorado,Investigador Junior (IJ),nchHazIAAAAJ,6,4
JUAN SEBASTIAN PARRA SANCHEZ,Integrante,5,https://scienti.minciencias.gov.co/cvlac/visualizador/generarCurriculoCv.do?cod_rh=0000072898,SISCO,2020-05-01, Actual,Especialización,Sin clasificar,NA,0,0
LINA MARIA MONTOYA SUAREZ,Integrante,4,https://scienti.minciencias.gov.co/cvlac/visualizador/generarCurriculoCv.do?cod_rh=0001456255,SISCO,2014-04-01, Actual,Maestría/Magister,Investigador Asociado (I),7Y-8siIAAAAJ,5,4
LUIS FERNANDO CARDONA PALACIO,Integrante,4,https://scienti.minciencias.gov.co/cvlac/visualizador/generarCurriculoCv.do?cod_rh=0001472696,SISCO,2014-07-01, Actual,Doctorado,Investigador Junior (IJ),hOgH7HAAAAAJ,4,5
MARIA JULIA NIETO CALLEJAS,Integrante,4,https://scienti.minciencias.gov.co/cvlac/visualizador/generarCurriculoCv.do?cod_rh=0000005825,SISCO,2018-08-01, Actual,Maestría/Magister,Sin clasificar,XuxhAV0AAAAJ,1,0
MARIO ALEJANDRO LOPEZ OCAMPO,Integrante,3,https://scienti.minciencias.gov.co/cvlac/visualizador/generarCurriculoCv.do?cod_rh=0001468719,SISCO,2013-07-01, Actual,Maestría/Magister,Sin clasificar,bH74frMAAAAJ,3,0
MAURICIO LOPEZ BONILLA,Integrante,6,https://scienti.minciencias.gov.co/cvlac/visualizador/generarCurriculoCv.do?cod_rh=0001381737,SISCO,2011-06-01, Actual,Maestría/Magister,Sin clasificar,lQqAfmwAAAAJ,4,0
RUBEN DARIO GOMEZ GUTIERREZ,Integrante,5,https://scienti.minciencias.gov.co/cvlac/visualizador/generarCurriculoCv.do?cod_rh=0001000853,SISCO,2019-02-01, Actual,Maestría/Magister,Sin clasificar,NA,0,0
SARA MARIA AGUILAR SIERRA,Integrante,8,https://scienti.minciencias.gov.co/cvlac/visualizador/generarCurriculoCv.do?cod_rh=0001432936,SISCO,2018-02-01, Actual,Doctorado,Sin clasificar,_RFI4pkAAAAJ,3,1
SHIRLENE PATRICIA VEGA ROYERO,Integrante,2,https://scienti.minciencias.gov.co/cvlac/visualizador/generarCurriculoCv.do?cod_rh=0001436238,SISCO,2015-11-01, Actual,Doctorado,Investigador Junior (IJ),yQ7g9xUAAAAJ,3,4
SUYIS YAJAIRA LOZANO GARCIA,Integrante,5,https://scienti.minciencias.gov.co/cvlac/visualizador/generarCurriculoCv.do?cod_rh=0001610177,SISCO,2020-07-01, Actual,Maestría/Magister,Sin clasificar,z1vjdF0AAAAJ,0,0
YODER ALBERTO SUAZA TABARES,Integrante,8,https://scienti.minciencias.gov.co/cvlac/visualizador/generarCurriculoCv.do?cod_rh=0000009408,SISCO,2019-07-01, Actual,Doctorado,Sin clasificar,NA,0,2
ELVIGIA CARDONA ZULETA,Integrante,10,https://scienti.minciencias.gov.co/cvlac/visualizador/generarCurriculoCv.do?cod_rh=0001461785,JURIDICAS Y SOCIALES,2019-08-01, Actual,Maestría/Magister,Sin clasificar,SteXGqYAAAAJ,3,0
NATALIA ANDREA ALZATE ALZATE,Integrante,10,https://scienti.minciencias.gov.co/cvlac/visualizador/generarCurriculoCv.do?cod_rh=0000964875,JURIDICAS Y SOCIALES,2019-08-01, Actual,Doctorado,Sin clasificar,sAljacYAAAAJ,1,0
DANY STEVEN GOMEZ AGUDELO,Integrante,10,https://scienti.minciencias.gov.co/cvlac/visualizador/generarCurriculoCv.do?cod_rh=0000107135,JURIDICAS Y SOCIALES,2019-01-01, Actual,Maestría/Magister,Sin clasificar,YaysRIIAAAAJ,2,2
DAVID ANDRES DIEZ GOMEZ,Integrante,10,https://scienti.minciencias.gov.co/cvlac/visualizador/generarCurriculoCv.do?cod_rh=0000687235,JURIDICAS Y SOCIALES,2020-02-01, Actual,Doctorado,Investigador Junior (IJ),BQTiYNcAAAAJ,5,0
JENNY MARCELA ACEVEDO VALENCIA,Integrante,10,https://scienti.minciencias.gov.co/cvlac/visualizador/generarCurriculoCv.do?cod_rh=0001186337,JURIDICAS Y SOCIALES,2019-08-01, Actual,Maestría/Magister,Sin clasificar,ul0fN9wAAAAJ,4,2
JORGE IVAN GAVIRIA MESA,Integrante,10,https://scienti.minciencias.gov.co/cvlac/visualizador/generarCurriculoCv.do?cod_rh=0000009881,JURIDICAS Y SOCIALES,2013-03-01, Actual,Maestría/Magister,Investigador Junior (IJ),mh-AeYwAAAAJ,3,2
JUAN ESTEBAN AGUIRRE ESPINOSA,Integrante,10,https://scienti.minciencias.gov.co/cvlac/visualizador/generarCurriculoCv.do?cod_rh=0001436904,JURIDICAS Y SOCIALES,2018-05-01, Actual,Maestría/Magister,Investigador Asociado (I),9QD3rjkAAAAJ,2,1
LAURA VICTORIA CARDENAS ROJAS,Integrante,10,https://scienti.minciencias.gov.co/cvlac/visualizador/generarCurriculoCv.do?cod_rh=0001550884,JURIDICAS Y SOCIALES,2018-07-01, Actual,Maestría/Magister,Sin clasificar,VlC916UAAAAJ,1,0
MARIA ISABEL URIBE LOPEZ,Integrante,5,https://scienti.minciencias.gov.co/cvlac/visualizador/generarCurriculoCv.do?cod_rh=0001632464,JURIDICAS Y SOCIALES,2020-02-01, Actual,Maestría/Magister,Sin clasificar,QbjM9m0AAAAJ,2,0
MAURICIO MEJIA LOBO,Integrante,5,https://scienti.minciencias.gov.co/cvlac/visualizador/generarCurriculoCv.do?cod_rh=0000621641,JURIDICAS Y SOCIALES,2020-02-01, Actual,Maestría/Magister,Sin clasificar,RCtbsjMAAAAJ,1,0
MAYDA SORAYA MARIN GALEANO,Integrante,10,https://scienti.minciencias.gov.co/cvlac/visualizador/generarCurriculoCv.do?cod_rh=0001373816,JURIDICAS Y SOCIALES,2019-09-01, Actual,Doctorado,Investigador Junior (IJ),1x5m4ywAAAAJ,4,1
PAOLA ANDREA CARMONA TORO,Integrante,10,https://scienti.minciencias.gov.co/cvlac/visualizador/generarCurriculoCv.do?cod_rh=0001469181,JURIDICAS Y SOCIALES,2019-08-01, Actual,Doctorado,Sin clasificar,NA,0,0
ROBERTO MAURICIO ROMERO CARDENAS,Integrante,10,https://scienti.minciencias.gov.co/cvlac/visualizador/generarCurriculoCv.do?cod_rh=0000080033,JURIDICAS Y SOCIALES,2017-09-01, Actual,Maestría/Magister,Sin clasificar,YdeOxzsAAAAJ,0,2
JENNIFFER LONDONO JURADO,Integrante,10,https://scienti.minciencias.gov.co/cvlac/visualizador/generarCurriculoCv.do?cod_rh=0000023226,JURIDICAS Y SOCIALES,2020-02-01, Actual,Maestría/Magister,Sin clasificar,XFBxR6kAAAAJ,1,1
JORGE EDUARDO VASQUEZ SANTAMARIA,Integrante,10,https://scienti.minciencias.gov.co/cvlac/visualizador/generarCurriculoCv.do?cod_rh=0001228234,JURIDICAS Y SOCIALES,2019-01-01, Actual,Especialización,Investigador Asociado (I),v8GT-VAAAAAJ,7,3
JORMARIS MARTINEZ GOMEZ,Integrante,30,https://scienti.minciencias.gov.co/cvlac/visualizador/generarCurriculoCv.do?cod_rh=0000045977,GORAS,2014-05-01, Actual,Doctorado,Investigador Senior (IS),3vFUn4wAAAAJ,7,3
LUIS FERNANDO QUINTERO ARANGO,Integrante,15,https://scienti.minciencias.gov.co/cvlac/visualizador/generarCurriculoCv.do?cod_rh=0001338621,GORAS,2015-07-01, Actual,Doctorado,Investigador Asociado (I),vu06sqwAAAAJ,5,13
ALEJANDRA MARIA LUJAN JARAMILLO,Integrante,10,https://scienti.minciencias.gov.co/cvlac/visualizador/generarCurriculoCv.do?cod_rh=0000130807,GORAS,2017-06-01, Actual,Maestría/Magister,Sin clasificar,NA,0,0
ANA MARIA CHAUX GUTIERREZ,Integrante,18,https://scienti.minciencias.gov.co/cvlac/visualizador/generarCurriculoCv.do?cod_rh=0001372410,GORAS,2020-02-01, Actual,Doctorado,Investigador Junior (IJ),ZBh57LoAAAAJ,5,0
DANIEL MUNOZ QUINTERO,Integrante,20,https://scienti.minciencias.gov.co/cvlac/visualizador/generarCurriculoCv.do?cod_rh=0001660142,GORAS,2019-02-01, Actual,Técnico,Sin clasificar,Fp-EtWwAAAAJ,0,1
JAIME ALBERTO BELTRAN RIOS,Integrante,10,https://scienti.minciencias.gov.co/cvlac/visualizador/generarCurriculoCv.do?cod_rh=0001434708,GORAS,2015-05-01, Actual,Maestría/Magister,Investigador Asociado (I),bjYfxdwAAAAJ,3,3
JAMES ALBERTO MARULANDA PATINO,Integrante,14,https://scienti.minciencias.gov.co/cvlac/visualizador/generarCurriculoCv.do?cod_rh=0001455988,GORAS,2016-01-01, Actual,Maestría/Magister,Investigador Asociado (I),NA,0,0
JORGE IVAN JIMENEZ SANCHEZ,Integrante,5,https://scienti.minciencias.gov.co/cvlac/visualizador/generarCurriculoCv.do?cod_rh=0000006821,GORAS,2016-02-01, Actual,Maestría/Magister,Investigador Junior (IJ),FF97f1MAAAAJ,8,5
JOSE ANTONIO LOPEZ GIRALDO,Integrante,6,https://scienti.minciencias.gov.co/cvlac/visualizador/generarCurriculoCv.do?cod_rh=0000038887,GORAS,2015-02-01, Actual,Maestría/Magister,Investigador Asociado (I),jCYg-jsAAAAJ,4,4
JUAN CAMILO GUILLEN BETANCUR,Integrante,5,https://scienti.minciencias.gov.co/cvlac/visualizador/generarCurriculoCv.do?cod_rh=0001866333,GORAS,2021-02-01, Actual,Especialización,Sin clasificar,NA,0,0
MARIO LEON RESTREPO MUNERA,Integrante,4,https://scienti.minciencias.gov.co/cvlac/visualizador/generarCurriculoCv.do?cod_rh=0000971545,GORAS,2006-02-01, Actual,Especialización,Sin clasificar,NA,0,1
MAURICIO ALEJANDRO BEDOYA JIMENEZ,Integrante,6,https://scienti.minciencias.gov.co/cvlac/visualizador/generarCurriculoCv.do?cod_rh=0001429266,GORAS,2016-01-01, Actual,Maestría/Magister,Sin clasificar,wDY8t8gAAAAJ,1,3
MONICA ELIANA ARISTIZABAL VELASQUEZ,Integrante,30,https://scienti.minciencias.gov.co/cvlac/visualizador/generarCurriculoCv.do?cod_rh=0000324990,GORAS,2017-01-01, Actual,Maestría/Magister,Sin clasificar,NA,0,0
NESTOR EDUARDO FLOREZ OVIEDO,Integrante,30,https://scienti.minciencias.gov.co/cvlac/visualizador/generarCurriculoCv.do?cod_rh=0001452620,GORAS,2018-01-01, Actual,Maestría/Magister,Sin clasificar,3oUj4vUAAAAJ,0,0
SANDRA MILENA MALAVERA PINEDA,Integrante,32,https://scienti.minciencias.gov.co/cvlac/visualizador/generarCurriculoCv.do?cod_rh=0001340431,GORAS,2017-02-01, Actual,Maestría/Magister,Sin clasificar,qvBehKYAAAAJ,1,1
SEBASTIAN ARIAS GIRALDO,Integrante,25,https://scienti.minciencias.gov.co/cvlac/visualizador/generarCurriculoCv.do?cod_rh=0000014056,GORAS,2018-01-01, Actual,Maestría/Magister,Investigador Junior (IJ),V3rISaoAAAAJ,2,5
SINDY YULIANA GALLEGO TAVERA,Integrante,20,https://scienti.minciencias.gov.co/cvlac/visualizador/generarCurriculoCv.do?cod_rh=0000100101,GORAS,2017-01-01, Actual,CvLAC oculto,CvLAC oculto,YNwDcOcAAAAJ,2,0
SUGEY ELENA ANAYA GARCIA,Integrante,10,https://scienti.minciencias.gov.co/cvlac/visualizador/generarCurriculoCv.do?cod_rh=0000154141,GORAS,2017-01-01, Actual,Maestría/Magister,Sin clasificar,qPSF-CgAAAAJ,0,2
UBEIMAR AURELIO OSORIO ATEHORTUA,Integrante,33,https://scienti.minciencias.gov.co/cvlac/visualizador/generarCurriculoCv.do?cod_rh=0001370943,GORAS,2017-06-01, Actual,Maestría/Magister,Investigador Asociado (I),MTw3GSYAAAAJ,1,1
VICTOR DANIEL GIL VERA,Integrante,8,https://scienti.minciencias.gov.co/cvlac/visualizador/generarCurriculoCv.do?cod_rh=0001482462,GORAS,2014-12-01, Actual,Maestría/Magister,Investigador Asociado (I),1-4BHH8AAAAJ,6,32
VICTOR HUGO MERINO CORDOBA,Integrante,0,https://scienti.minciencias.gov.co/cvlac/visualizador/generarCurriculoCv.do?cod_rh=0001635812,GORAS,2015-01-01, Actual,Doctorado,Investigador Senior (IS),dsuvvNEAAAAJ,2,8
YAMARU DEL VALLE CHIRINOS ARAQUE,Integrante,0,https://scienti.minciencias.gov.co/cvlac/visualizador/generarCurriculoCv.do?cod_rh=0000045844,GORAS,2015-01-01, Actual,Doctorado,Investigador Senior (IS),NzpSyf0AAAAJ,6,8
FREDY DE JESUS FERNANDEZ MARQUEZ,Integrante,10,https://scienti.minciencias.gov.co/cvlac/visualizador/generarCurriculoCv.do?cod_rh=0001312642,GORAS,2017-03-01, Actual,Doctorado,Investigador Junior (IJ),1aXOG-MAAAAJ,1,0
JUAN SANTIAGO CALLE PIEDRAHITA,Integrante,10,https://scienti.minciencias.gov.co/cvlac/visualizador/generarCurriculoCv.do?cod_rh=0001169017,GORAS,2019-01-01, Actual,Doctorado,Sin clasificar,sXijM8EAAAAJ,4,7
PEDRO LUIS DUQUE HURTADO,Integrante,4,https://scienti.minciencias.gov.co/cvlac/visualizador/generarCurriculoCv.do?cod_rh=0001488843,ECOSOL,2017-12-01, Actual,Maestría/Magister,Sin clasificar,tEPrd4IAAAAJ,7,5
MARIA ISABEL GUERRERO MOLINA,Integrante,0,https://scienti.minciencias.gov.co/cvlac/visualizador/generarCurriculoCv.do?cod_rh=0000514322,ECOSOL,2018-03-01, Actual,Doctorado,Sin clasificar,PXnaNH4AAAAJ,0,2
DORALICE ORTIZ ORTIZ,Integrante,8,https://scienti.minciencias.gov.co/cvlac/visualizador/generarCurriculoCv.do?cod_rh=0000080474,ECOSOL,2017-10-01, Actual,Maestría/Magister,Sin clasificar,syisuJcAAAAJ,0,0
ELIAS ALEXANDER VALLEJO MONTOYA,Integrante,10,https://scienti.minciencias.gov.co/cvlac/visualizador/generarCurriculoCv.do?cod_rh=0000623466,ECOSOL,2014-10-01, Actual,Maestría/Magister,Sin clasificar,NA,0,0
JAIME ANTERO ARANGO MARIN,Integrante,8,https://scienti.minciencias.gov.co/cvlac/visualizador/generarCurriculoCv.do?cod_rh=0000657247,ECOSOL,2018-01-01, Actual,Doctorado,Investigador Asociado (I),qn1Kr9EAAAAJ,6,0
LAURA ELENA ZAPATA JIMENEZ,Integrante,5,https://scienti.minciencias.gov.co/cvlac/visualizador/generarCurriculoCv.do?cod_rh=0000313220,ECOSOL,2016-07-01, Actual,Maestría/Magister,Sin clasificar,IjPj8zoAAAAJ,0,0
LUIS FERNANDO QUIROS ARANGO,Integrante,0,https://scienti.minciencias.gov.co/cvlac/visualizador/generarCurriculoCv.do?cod_rh=0001502345,ECOSOL,2017-02-01, Actual,Maestría/Magister,Sin clasificar,NA,0,2
MARTHA DEL SOCORRO ALZATE CARDENAS,Integrante,8,https://scienti.minciencias.gov.co/cvlac/visualizador/generarCurriculoCv.do?cod_rh=0000942367,ECOSOL,2014-02-01, Actual,Maestría/Magister,Investigador Asociado (I),bEZsTPUAAAAJ,2,1
OLGA LUCIA ARBOLEDA ALVAREZ,Integrante,20,https://scienti.minciencias.gov.co/cvlac/visualizador/generarCurriculoCv.do?cod_rh=0000066346,ECOSOL,1995-02-01, Actual,Maestría/Magister,Investigador Junior (IJ),94o7mbgAAAAJ,5,2
OSWALDO ANTONIO SALGADO CANAVERAL,Integrante,4,https://scienti.minciencias.gov.co/cvlac/visualizador/generarCurriculoCv.do?cod_rh=0001540063,ECOSOL,2013-06-01, Actual,Maestría/Magister,Sin clasificar,R1p685wAAAAJ,1,1
SEBASTIAN ROBLEDO GIRALDO,Integrante,8,https://scienti.minciencias.gov.co/cvlac/visualizador/generarCurriculoCv.do?cod_rh=0001430153,ECOSOL,2018-08-01, Actual,Doctorado,Investigador Junior (IJ),RGUTAfEAAAAJ,7,4
VICTORIA BLAQUISED RIVERA,Integrante,8,https://scienti.minciencias.gov.co/cvlac/visualizador/generarCurriculoCv.do?cod_rh=0000212407,ECOSOL,2013-06-01, Actual,Maestría/Magister,Sin clasificar,oZ4fX-IAAAAJ,0,0
YAMARU DEL VALLE CHIRINOS ARAQUE,Integrante,20,https://scienti.minciencias.gov.co/cvlac/visualizador/generarCurriculoCv.do?cod_rh=0000045844,ECOSOL,2016-01-01, Actual,Doctorado,Investigador Senior (IS),NzpSyf0AAAAJ,6,8
OLBER EDUARDO ARANGO TOBON,Integrante,,https://scienti.minciencias.gov.co/cvlac/visualizador/generarCurriculoCv.do?cod_rh=0000412228,NEUROCIENCIAS BASICAS Y APLICADAS,2010-02-01, Actual,Doctorado,Investigador Asociado (I),nIWo18gAAAAJ,10,6
JULIO ANTONIO OLIVERA LA ROSA,Integrante,8,https://scienti.minciencias.gov.co/cvlac/visualizador/generarCurriculoCv.do?cod_rh=0001578351,NEUROCIENCIAS BASICAS Y APLICADAS,2014-07-01, Actual,Doctorado,Investigador Senior (IS),no se encuentra,0,11
ANYERSON STITHS GOMEZ TABARES,Integrante,5,https://scienti.minciencias.gov.co/cvlac/visualizador/generarCurriculoCv.do?cod_rh=0001583946,NEUROCIENCIAS BASICAS Y APLICADAS,2020-09-01, Actual,Maestría/Magister,Sin clasificar,504O9wUAAAAJ&hl,10,10
ANYERSON STITHS GOMEZ TABARES,Integrante,5,https://scienti.minciencias.gov.co/cvlac/visualizador/generarCurriculoCv.do?cod_rh=0001583946,NEUROCIENCIAS BASICAS Y APLICADAS,2020-09-01, Actual,Maestría/Magister,Sin clasificar,504O9wUAAAAJ,10,10
CATALINA QUINTERO LOPEZ,Integrante,4,https://scienti.minciencias.gov.co/cvlac/visualizador/generarCurriculoCv.do?cod_rh=0000921602,NEUROCIENCIAS BASICAS Y APLICADAS,2019-07-01, Actual,Maestría/Magister,Sin clasificar,jp1wLg4AAAAJ,1,11
CESAR ANDRES CARMONA CARDONA,Integrante,0,https://scienti.minciencias.gov.co/cvlac/visualizador/generarCurriculoCv.do?cod_rh=0000021118,NEUROCIENCIAS BASICAS Y APLICADAS,2019-07-01, Actual,Pregrado/Universitario,Sin clasificar,LN9Fg-8AAAAJ,0,0
CLAUDIA MARCELA ARANA MEDINA,Integrante,4,https://scienti.minciencias.gov.co/cvlac/visualizador/generarCurriculoCv.do?cod_rh=0001360885,NEUROCIENCIAS BASICAS Y APLICADAS,2010-02-01, Actual,Doctorado,Investigador Asociado (I),bEplYn8AAAAJ,7,5
DANIEL ALFREDO LANDINEZ MARTINEZ,Integrante,4,https://scienti.minciencias.gov.co/cvlac/visualizador/generarCurriculoCv.do?cod_rh=0001572030,NEUROCIENCIAS BASICAS Y APLICADAS,2017-03-01, Actual,Maestría/Magister,Investigador Junior (IJ),HWzOMPwAAAAJ,4,4
GABRIEL DAVID PINILLA MONSALVE,Integrante,4,https://scienti.minciencias.gov.co/cvlac/visualizador/generarCurriculoCv.do?cod_rh=0001405663,NEUROCIENCIAS BASICAS Y APLICADAS,2017-03-01, Actual,Especialización,Investigador Junior (IJ),fG4eYhYAAAAJ,10,8
ISABEL CRISTINA PUERTA LOPERA,Integrante,10,https://scienti.minciencias.gov.co/cvlac/visualizador/generarCurriculoCv.do?cod_rh=0000045683,NEUROCIENCIAS BASICAS Y APLICADAS,2011-03-01, Actual,Especialización,Investigador Senior (IS),I7x7Oo8AAAAJ,9,8
JHON FELIPE ARIAS VALENCIA,Integrante,5,https://scienti.minciencias.gov.co/cvlac/visualizador/generarCurriculoCv.do?cod_rh=0001413627,NEUROCIENCIAS BASICAS Y APLICADAS,2021-07-01, Actual,Maestría/Magister,Sin clasificar,NA,0,0
JUAN DIEGO BETANCUR ARIAS,Integrante,0,https://scienti.minciencias.gov.co/cvlac/visualizador/generarCurriculoCv.do?cod_rh=0000988928,NEUROCIENCIAS BASICAS Y APLICADAS,2015-02-01, Actual,Doctorado,Investigador Senior (IS),Rb881xwAAAAJ,4,7
OMAR AUGUSTO AMADOR SANCHEZ,Integrante,4,https://scienti.minciencias.gov.co/cvlac/visualizador/generarCurriculoCv.do?cod_rh=0001338634,NEUROCIENCIAS BASICAS Y APLICADAS,2019-08-01, Actual,Maestría/Magister,Sin clasificar,2EdSYP0AAAAJ,4,2
PAULA ANDREA MONTOYA ZULUAGA,Integrante,5,https://scienti.minciencias.gov.co/cvlac/visualizador/generarCurriculoCv.do?cod_rh=0000470872,NEUROCIENCIAS BASICAS Y APLICADAS,2010-02-01, Actual,Doctorado,Investigador Junior (IJ),_SE2G3UAAAAJ,4,3
VICTOR DANIEL GIL VERA,Integrante,4,https://scienti.minciencias.gov.co/cvlac/visualizador/generarCurriculoCv.do?cod_rh=0001482462,NEUROCIENCIAS BASICAS Y APLICADAS,2014-08-01, Actual,Maestría/Magister,Investigador Asociado (I),1-4BHH8AAAAJ,6,32
CARMEN YSABEL MARTINEZ DE MERINO,Integrante,20,https://scienti.minciencias.gov.co/cvlac/visualizador/generarCurriculoCv.do?cod_rh=0000031091,"EDUCACION, INFANCIA Y LENGUAS EXTRANJERAS",2018-01-01, Actual,Doctorado,Investigador Senior (IS),a5eJhxMAAAAJ,3,5
MONICA MARIA ALVAREZ GALLEGO,Integrante,19,https://scienti.minciencias.gov.co/cvlac/visualizador/generarCurriculoCv.do?cod_rh=0001312596,"EDUCACION, INFANCIA Y LENGUAS EXTRANJERAS",2014-02-01, Actual,Maestría/Magister,Sin clasificar,sw3ZQ-kAAAAJ,3,7
ADRIANA MARIA GALLEGO HENAO,Integrante,18,https://scienti.minciencias.gov.co/cvlac/visualizador/generarCurriculoCv.do?cod_rh=0000961124,"EDUCACION, INFANCIA Y LENGUAS EXTRANJERAS",2007-02-01, Actual,Maestría/Magister,Investigador Asociado (I),zts5sHIAAAAJ,8,13
BAIRON JARAMILLO VALENCIA,Integrante,8,https://scienti.minciencias.gov.co/cvlac/visualizador/generarCurriculoCv.do?cod_rh=0000006371,"EDUCACION, INFANCIA Y LENGUAS EXTRANJERAS",2013-02-01, Actual,Maestría/Magister,Investigador Asociado (I),2b28iRkAAAAJ,6,15
DAVID FERNANDO MARTINEZ RESTREPO,Integrante,10,https://scienti.minciencias.gov.co/cvlac/visualizador/generarCurriculoCv.do?cod_rh=0001882193,"EDUCACION, INFANCIA Y LENGUAS EXTRANJERAS",2021-01-01, Actual,Maestría/Magister,Sin clasificar,NA,0,0
ISABEL PILAR GOMEZ HENAO,Integrante,10,https://scienti.minciencias.gov.co/cvlac/visualizador/generarCurriculoCv.do?cod_rh=0001604613,"EDUCACION, INFANCIA Y LENGUAS EXTRANJERAS",2021-01-01, Actual,Maestría/Magister,Sin clasificar,NA,0,0
JOSE FEDERICO AGUDELO TORRES,Integrante,8,https://scienti.minciencias.gov.co/cvlac/visualizador/generarCurriculoCv.do?cod_rh=0001509155,"EDUCACION, INFANCIA Y LENGUAS EXTRANJERAS",2014-02-01, Actual,Maestría/Magister,Investigador Junior (IJ),RHbX7ioAAAAJ,4,9
JOSE VICENTE ABAD OLAYA,Integrante,21,https://scienti.minciencias.gov.co/cvlac/visualizador/generarCurriculoCv.do?cod_rh=0001367136,"EDUCACION, INFANCIA Y LENGUAS EXTRANJERAS",2013-03-01, Actual,Maestría/Magister,Sin clasificar,trVcxggAAAAJ&hl,4,3
JOSE WILMAR PINO MONTOYA,Integrante,22,https://scienti.minciencias.gov.co/cvlac/visualizador/generarCurriculoCv.do?cod_rh=0001236733,"EDUCACION, INFANCIA Y LENGUAS EXTRANJERAS",2013-06-01, Actual,Doctorado,Investigador Asociado (I),LhNZ3BgAAAAJ&hl,9,12
OSCAR PELAEZ HENAO,Integrante,8,https://scienti.minciencias.gov.co/cvlac/visualizador/generarCurriculoCv.do?cod_rh=0000011178,"EDUCACION, INFANCIA Y LENGUAS EXTRANJERAS",2014-02-01, Actual,Maestría/Magister,Sin clasificar,WasxVdYAAAAJ&hl,3,3
SONIA RUTH QUINTERO ARRUBLA,Integrante,8,https://scienti.minciencias.gov.co/cvlac/visualizador/generarCurriculoCv.do?cod_rh=0001490544,"EDUCACION, INFANCIA Y LENGUAS EXTRANJERAS",2017-01-01, Actual,Maestría/Magister,Investigador Asociado (I),Bo9j0C0AAAAJ&hl,5,6
YUSTY CAROLINA RESTREPO SEGURA,Integrante,0,https://scienti.minciencias.gov.co/cvlac/visualizador/generarCurriculoCv.do?cod_rh=0001642056,"EDUCACION, INFANCIA Y LENGUAS EXTRANJERAS",2019-01-01, Actual,Maestría/Magister,Sin clasificar,BhyHthYAAAAJ,2,6
YUSTY CAROLINA RESTREPO SEGURA,Integrante,0,https://scienti.minciencias.gov.co/cvlac/visualizador/generarCurriculoCv.do?cod_rh=0001642056,"EDUCACION, INFANCIA Y LENGUAS EXTRANJERAS",2019-01-01, Actual,Maestría/Magister,Sin clasificar,BhyHthYAAAAJ&hl,2,6
JEFFERSON ASDRUBAL ZAPATA GARCIA,Integrante,5,https://scienti.minciencias.gov.co/cvlac/visualizador/generarCurriculoCv.do?cod_rh=0001721408,"EDUCACION, INFANCIA Y LENGUAS EXTRANJERAS",2020-01-01, Actual,Pregrado/Universitario,Sin clasificar,NA,0,0
LEISY MAGDALI ARROYAVE TABORDA,Integrante,8,https://scienti.minciencias.gov.co/cvlac/visualizador/generarCurriculoCv.do?cod_rh=0000113376,"EDUCACION, INFANCIA Y LENGUAS EXTRANJERAS",2021-01-01, Actual,Maestría/Magister,Sin clasificar,KVBCFWkAAAAJ&hl,2,7
EDISON FRANCISCO VIVEROS CHAVARRIA,Integrante,8,https://scienti.minciencias.gov.co/cvlac/visualizador/generarCurriculoCv.do?cod_rh=0000409847,FAMILIA DESARROLLO Y CALIDAD DE VIDA,2003-02-01, Actual,Pregrado/Universitario,Investigador Asociado (I),00wsl70AAAAJ&hl,12,14
ALEXANDER RODRIGUEZ BUSTAMANTE,Integrante,8,https://scienti.minciencias.gov.co/cvlac/visualizador/generarCurriculoCv.do?cod_rh=0001325256,FAMILIA DESARROLLO Y CALIDAD DE VIDA,2010-02-01, Actual,Especialización,Investigador Junior (IJ),F2CwSh0AAAAJ,12,12
ALEXANDER RODRIGUEZ BUSTAMANTE,Integrante,8,https://scienti.minciencias.gov.co/cvlac/visualizador/generarCurriculoCv.do?cod_rh=0001325256,FAMILIA DESARROLLO Y CALIDAD DE VIDA,2010-02-01, Actual,Especialización,Investigador Junior (IJ),F2CwSh0AAAAJ&hl,12,12
ANGELA MARITZA LOPERA JARAMILLO,Integrante,6,https://scienti.minciencias.gov.co/cvlac/visualizador/generarCurriculoCv.do?cod_rh=0001357119,FAMILIA DESARROLLO Y CALIDAD DE VIDA,2017-01-01, Actual,Maestría/Magister,Sin clasificar,NA,0,1
CAROLINA VASQUEZ LOPEZ,Integrante,0,https://scienti.minciencias.gov.co/cvlac/visualizador/generarCurriculoCv.do?cod_rh=0001725420,FAMILIA DESARROLLO Y CALIDAD DE VIDA,2020-01-01, Actual,Maestría/Magister,Sin clasificar,NA,0,1
LEDY MARYORY BEDOYA CARDONA,Integrante,8,https://scienti.minciencias.gov.co/cvlac/visualizador/generarCurriculoCv.do?cod_rh=0001559954,FAMILIA DESARROLLO Y CALIDAD DE VIDA,2017-01-01, Actual,Maestría/Magister,Sin clasificar,6vKCOHYAAAAJ&hl,4,3
OVIDIO HERRERA RIVERA,Integrante,12,https://scienti.minciencias.gov.co/cvlac/visualizador/generarCurriculoCv.do?cod_rh=0001410679,FAMILIA DESARROLLO Y CALIDAD DE VIDA,2011-02-01, Actual,Doctorado,Investigador Junior (IJ),gcjNnGEAAAAJ&hl,3,11
NICOLASA MARIA DURAN PALACIO,Integrante,10,https://scienti.minciencias.gov.co/cvlac/visualizador/generarCurriculoCv.do?cod_rh=0000328774,ESTUDIOS DE FENOMENOS PSICOSOCIALES,2013-06-01, Actual,Doctorado,Investigador Asociado (I),ULpZsLAAAAAJ&hl,7,11
ANYERSON STITHS GOMEZ TABARES,Integrante,20,https://scienti.minciencias.gov.co/cvlac/visualizador/generarCurriculoCv.do?cod_rh=0001583946,ESTUDIOS DE FENOMENOS PSICOSOCIALES,2015-07-01, Actual,Maestría/Magister,Sin clasificar,504O9wUAAAAJ&hl,10,10
ANYERSON STITHS GOMEZ TABARES,Integrante,20,https://scienti.minciencias.gov.co/cvlac/visualizador/generarCurriculoCv.do?cod_rh=0001583946,ESTUDIOS DE FENOMENOS PSICOSOCIALES,2015-07-01, Actual,Maestría/Magister,Sin clasificar,504O9wUAAAAJ,10,10
CAROLINA VALDES HENAO,Integrante,5,https://scienti.minciencias.gov.co/cvlac/visualizador/generarCurriculoCv.do?cod_rh=0001561422,ESTUDIOS DE FENOMENOS PSICOSOCIALES,2015-02-01, Actual,Maestría/Magister,Sin clasificar,r-CYB90AAAAJ&hl,2,3
HEIDI SMITH PULIDO VARON,Integrante,5,https://scienti.minciencias.gov.co/cvlac/visualizador/generarCurriculoCv.do?cod_rh=0001455249,ESTUDIOS DE FENOMENOS PSICOSOCIALES,2015-10-01, Actual,Maestría/Magister,Investigador Junior (IJ),5ZIDAcEAAAAJ&hl,1,4
HERWIN EDUARDO CARDONA QUITIAN,Integrante,4,https://scienti.minciencias.gov.co/cvlac/visualizador/generarCurriculoCv.do?cod_rh=0000987751,ESTUDIOS DE FENOMENOS PSICOSOCIALES,2017-01-01, Actual,Maestría/Magister,Investigador Asociado (I),Ojpa1lAAAAAJ&hl,3,4
JAIRO GUTIERREZ AVENDANO,Integrante,8,https://scienti.minciencias.gov.co/cvlac/visualizador/generarCurriculoCv.do?cod_rh=0000810339,ESTUDIOS DE FENOMENOS PSICOSOCIALES,2014-07-01, Actual,Doctorado,Investigador Asociado (I),NA,0,6
JOHN HARVY ARCIA GRAJALES,Integrante,10,https://scienti.minciencias.gov.co/cvlac/visualizador/generarCurriculoCv.do?cod_rh=0000150398,ESTUDIOS DE FENOMENOS PSICOSOCIALES,2018-01-01, Actual,Maestría/Magister,Sin clasificar,dyMWHucAAAAJ&hl,3,1
JOHN JAIRO GARCIA PENA,Integrante,6,https://scienti.minciencias.gov.co/cvlac/visualizador/generarCurriculoCv.do?cod_rh=0001346821,ESTUDIOS DE FENOMENOS PSICOSOCIALES,2012-01-01, Actual,Maestría/Magister,Investigador Asociado (I),iXbqjRQAAAAJ,4,6
JOSE ALCIDES CASTRO ACEVEDO,Integrante,10,https://scienti.minciencias.gov.co/cvlac/visualizador/generarCurriculoCv.do?cod_rh=0001344426,ESTUDIOS DE FENOMENOS PSICOSOCIALES,2018-01-01, Actual,Doctorado,Sin clasificar,-RwHy5gAAAAJ,0,0
KATY LUZ MILLAN OTERO,Integrante,5,https://scienti.minciencias.gov.co/cvlac/visualizador/generarCurriculoCv.do?cod_rh=0000107163,ESTUDIOS DE FENOMENOS PSICOSOCIALES,2016-07-01, Actual,Maestría/Magister,Sin clasificar,C9ZdWuEAAAAJ,2,3
MAGDA VICTORIA DIAZ ALZATE,Integrante,10,https://scienti.minciencias.gov.co/cvlac/visualizador/generarCurriculoCv.do?cod_rh=0000007210,ESTUDIOS DE FENOMENOS PSICOSOCIALES,2015-05-01, Actual,Maestría/Magister,Investigador Junior (IJ),GsRFkT8AAAAJ,3,8
MARIA CRISTINA CORREA DUQUE,Integrante,9,https://scienti.minciencias.gov.co/cvlac/visualizador/generarCurriculoCv.do?cod_rh=0001632953,ESTUDIOS DE FENOMENOS PSICOSOCIALES,2017-02-01, Actual,Maestría/Magister,Sin clasificar,SosfQ4QAAAAJ&hl,3,3
PAULA VANESSA SANCHEZ AGUDELO,Integrante,10,https://scienti.minciencias.gov.co/cvlac/visualizador/generarCurriculoCv.do?cod_rh=0001453945,ESTUDIOS DE FENOMENOS PSICOSOCIALES,2013-02-01, Actual,Doctorado,Sin clasificar,IiNO1TwAAAAJ,5,4
SANDRA ISABEL MEJIA ZAPATA,Integrante,10,https://scienti.minciencias.gov.co/cvlac/visualizador/generarCurriculoCv.do?cod_rh=0000575917,ESTUDIOS DE FENOMENOS PSICOSOCIALES,2016-01-01, Actual,Maestría/Magister,Investigador Asociado (I),jsQSXroAAAAJ,3,4
HUBER YECID CASTRO ESCOBAR,Integrante,20,https://scienti.minciencias.gov.co/cvlac/visualizador/generarCurriculoCv.do?cod_rh=0000525693,CALIDAD DE VIDA,2014-08-01, Actual,Maestría/Magister,Sin clasificar,lOUtSkIAAAAJ&hl,0,3
VICTOR TERAN REALES,Integrante,15,https://scienti.minciencias.gov.co/cvlac/visualizador/generarCurriculoCv.do?cod_rh=0000489573,CALIDAD DE VIDA,1996-03-01, Actual,Doctorado,Sin clasificar,kyNzB50AAAAJ,6,2
ARGEMIRO JOSE AMAYA BUELVAS,Integrante,10,https://scienti.minciencias.gov.co/cvlac/visualizador/generarCurriculoCv.do?cod_rh=0001294644,CALIDAD DE VIDA,2015-05-01, Actual,Maestría/Magister,Sin clasificar,FmH8nIkAAAAJ&hl,1,1
CARLOS RODRIGUEZ SANTOS,Integrante,12,https://scienti.minciencias.gov.co/cvlac/visualizador/generarCurriculoCv.do?cod_rh=0000763330,CALIDAD DE VIDA,2015-02-01, Actual,Especialización,Sin clasificar,NRo7HZIAAAAJ,1,0
ESTELIO JOSE ANGULO,Integrante,20,https://scienti.minciencias.gov.co/cvlac/visualizador/generarCurriculoCv.do?cod_rh=0001629460,CALIDAD DE VIDA,2015-01-01, Actual,Doctorado,Investigador Senior (IS),Cw9U7VIAAAAJ,9,2
LIVIA DIAZ GONZALEZ,Integrante,10,https://scienti.minciencias.gov.co/cvlac/visualizador/generarCurriculoCv.do?cod_rh=0000945765,CALIDAD DE VIDA,2015-03-01, Actual,Doctorado,Sin clasificar,NA,0,0
PAULJAVIER BEDOYA PASTRANA,Integrante,10,https://scienti.minciencias.gov.co/cvlac/visualizador/generarCurriculoCv.do?cod_rh=0001616270,CALIDAD DE VIDA,2016-06-01, Actual,Maestría/Magister,Sin clasificar,NA,0,1
MARIA CLAUDIA DIAZ SOTOMAYOR,Integrante,4,https://scienti.minciencias.gov.co/cvlac/visualizador/generarCurriculoCv.do?cod_rh=0001445228,CALIDAD DE VIDA,2020-01-01, Actual,Maestría/Magister,Sin clasificar,NA,0,0
GERMAN ANDRES TORRES ESCOBAR,Integrante,5,https://scienti.minciencias.gov.co/cvlac/visualizador/generarCurriculoCv.do?cod_rh=0000127713,AYELEN,2017-07-01, Actual,CvLAC oculto,CvLAC oculto,NA,0,4
BENILDA LAYNE BERNAL,Integrante,10,https://scienti.minciencias.gov.co/cvlac/visualizador/generarCurriculoCv.do?cod_rh=0000551988,AYELEN,2008-09-01, Actual,Pregrado/Universitario,Sin clasificar,c1XCBZ0AAAAJ,2,0
LAURA STELLA PARRA ESPITIA,Integrante,10,https://scienti.minciencias.gov.co/cvlac/visualizador/generarCurriculoCv.do?cod_rh=0001471845,AYELEN,2016-02-01, Actual,Maestría/Magister,Sin clasificar,NA,0,1
ROLAN CORREA LOPEZ,Integrante,4,https://scienti.minciencias.gov.co/cvlac/visualizador/generarCurriculoCv.do?cod_rh=0001595362,AYELEN,2018-01-01, Actual,Maestría/Magister,Sin clasificar,NA,0,4
VIVIANA CARMENZA AVILA NAVARRETE,Integrante,12,https://scienti.minciencias.gov.co/cvlac/visualizador/generarCurriculoCv.do?cod_rh=0001527700,AYELEN,2013-06-01, Actual,Maestría/Magister,Sin clasificar,pjSE_C0AAAAJ,2,2
DUBIS MARCELA RINCON BARRETO,Integrante,6,https://scienti.minciencias.gov.co/cvlac/visualizador/generarCurriculoCv.do?cod_rh=0000991864,FARMACODEPENDENCIA Y OTRAS ADICCIONES,2018-01-01, Actual,Maestría/Magister,Sin clasificar,eHauI0IAAAAJ,1,10
SANDRA MILENA RESTREPO ESCOBAR,Integrante,6,https://scienti.minciencias.gov.co/cvlac/visualizador/generarCurriculoCv.do?cod_rh=0001443659,FARMACODEPENDENCIA Y OTRAS ADICCIONES,2012-09-01, Actual,Maestría/Magister,Investigador Asociado (I),xCRCMooAAAAJ,5,11
DAVID IGNACIO MOLINA VELASQUEZ,Integrante,2,https://scienti.minciencias.gov.co/cvlac/visualizador/generarCurriculoCv.do?cod_rh=0000985201,FARMACODEPENDENCIA Y OTRAS ADICCIONES,2020-01-01, Actual,Maestría/Magister,Sin clasificar,r1I0YJYAAAAJ,5,1
ELIZA KRATC GIL,Integrante,5,https://scienti.minciencias.gov.co/cvlac/visualizador/generarCurriculoCv.do?cod_rh=0000068433,FARMACODEPENDENCIA Y OTRAS ADICCIONES,2018-02-01, Actual,Maestría/Magister,Sin clasificar,I8eYYScAAAAJ,0,0
GLORIA CECILIA CARDONA RIOS,Integrante,5,https://scienti.minciencias.gov.co/cvlac/visualizador/generarCurriculoCv.do?cod_rh=0001677974,FARMACODEPENDENCIA Y OTRAS ADICCIONES,2018-02-01, Actual,Maestría/Magister,Sin clasificar,iR3xAfEAAAAJ,1,0
GLORIA MARIA LOPEZ ARBOLEDA,Integrante,0,https://scienti.minciencias.gov.co/cvlac/visualizador/generarCurriculoCv.do?cod_rh=0000786349,FARMACODEPENDENCIA Y OTRAS ADICCIONES,2020-06-01, Actual,Doctorado,Investigador Asociado (I),BfjlQ8QAAAAJ,3,0
JORGE HERNAN GONZALEZ CORTES,Integrante,2,https://scienti.minciencias.gov.co/cvlac/visualizador/generarCurriculoCv.do?cod_rh=0000110413,FARMACODEPENDENCIA Y OTRAS ADICCIONES,2020-02-01, Actual,Especialización,Sin clasificar,WPEpjKwAAAAJ,0,0
JULIANALEJANDRO GAVIRIA LOPEZ,Integrante,0,https://scienti.minciencias.gov.co/cvlac/visualizador/generarCurriculoCv.do?cod_rh=0001078674,FARMACODEPENDENCIA Y OTRAS ADICCIONES,2020-02-01, Actual,Doctorado,Sin clasificar,NA,0,0
LINA MARIA GALLEGO RAMIREZ,Integrante,0,https://scienti.minciencias.gov.co/cvlac/visualizador/generarCurriculoCv.do?cod_rh=0001419926,FARMACODEPENDENCIA Y OTRAS ADICCIONES,2020-06-01, Actual,Maestría/Magister,Investigador Senior (IS),mCT8CTsAAAAJ,3,0
LUCAS DAVILA CANAS,Integrante,5,https://scienti.minciencias.gov.co/cvlac/visualizador/generarCurriculoCv.do?cod_rh=0001487405,FARMACODEPENDENCIA Y OTRAS ADICCIONES,2019-01-01, Actual,Maestría/Magister,Sin clasificar,R5D6vOoAAAAJ,2,3
LUCAS DAVILA CANAS,Integrante,5,https://scienti.minciencias.gov.co/cvlac/visualizador/generarCurriculoCv.do?cod_rh=0001487405,FARMACODEPENDENCIA Y OTRAS ADICCIONES,2019-01-01, Actual,Maestría/Magister,Sin clasificar,R5D6vOoAAAAJ&hl,2,3
LUISA FERNANDA CORREA PEREZ,Integrante,4,https://scienti.minciencias.gov.co/cvlac/visualizador/generarCurriculoCv.do?cod_rh=0000000418,FARMACODEPENDENCIA Y OTRAS ADICCIONES,2019-07-01, Actual,Maestría/Magister,Sin clasificar,NA,0,3
MARIA VICTORIA RESTREPO TOBON,Integrante,0,https://scienti.minciencias.gov.co/cvlac/visualizador/generarCurriculoCv.do?cod_rh=0000011235,FARMACODEPENDENCIA Y OTRAS ADICCIONES,2019-01-01, Actual,Maestría/Magister,Sin clasificar,--wUpK0AAAAJ&hl,0,0
MARICELLY GOMEZ VARGAS,Integrante,6,https://scienti.minciencias.gov.co/cvlac/visualizador/generarCurriculoCv.do?cod_rh=0001142755,FARMACODEPENDENCIA Y OTRAS ADICCIONES,2018-02-01, Actual,Maestría/Magister,Investigador Junior (IJ),XNkEWKgAAAAJ,6,5
OLENA KLIMENKO KLIMENKO,Integrante,4,https://scienti.minciencias.gov.co/cvlac/visualizador/generarCurriculoCv.do?cod_rh=0000757896,FARMACODEPENDENCIA Y OTRAS ADICCIONES,2018-02-01, Actual,Doctorado,Investigador Asociado (I),0r6pOxoAAAAJ,12,6
YUSTY CAROLINA RESTREPO SEGURA,Integrante,0,https://scienti.minciencias.gov.co/cvlac/visualizador/generarCurriculoCv.do?cod_rh=0001642056,FARMACODEPENDENCIA Y OTRAS ADICCIONES,2020-02-01, Actual,Maestría/Magister,Sin clasificar,BhyHthYAAAAJ,2,6
YUSTY CAROLINA RESTREPO SEGURA,Integrante,0,https://scienti.minciencias.gov.co/cvlac/visualizador/generarCurriculoCv.do?cod_rh=0001642056,FARMACODEPENDENCIA Y OTRAS ADICCIONES,2020-02-01, Actual,Maestría/Magister,Sin clasificar,BhyHthYAAAAJ&hl,2,6
ALEXANDER RODRIGUEZ BUSTAMANTE,Integrante,4,https://scienti.minciencias.gov.co/cvlac/visualizador/generarCurriculoCv.do?cod_rh=0001325256,FARMACODEPENDENCIA Y OTRAS ADICCIONES,2019-01-01, Actual,Especialización,Investigador Junior (IJ),F2CwSh0AAAAJ,12,12
ALEXANDER RODRIGUEZ BUSTAMANTE,Integrante,4,https://scienti.minciencias.gov.co/cvlac/visualizador/generarCurriculoCv.do?cod_rh=0001325256,FARMACODEPENDENCIA Y OTRAS ADICCIONES,2019-01-01, Actual,Especialización,Investigador Junior (IJ),F2CwSh0AAAAJ&hl,12,12
LINA MARIA RENDON LOPEZ,Integrante,10,https://scienti.minciencias.gov.co/cvlac/visualizador/generarCurriculoCv.do?cod_rh=0001376578,URBANITAS,2020-02-01, Actual,Doctorado,Investigador Asociado (I),6uKvLyYAAAAJ,6,0
LINA MARIA GONZALEZ CORREA,Integrante,8,https://scienti.minciencias.gov.co/cvlac/visualizador/generarCurriculoCv.do?cod_rh=0001377516,URBANITAS,2010-02-01, Actual,Doctorado,Investigador Junior (IJ),NA,0,0
CARLOS ANDRES TREJOS GIL,Integrante,20,https://scienti.minciencias.gov.co/cvlac/visualizador/generarCurriculoCv.do?cod_rh=0000173459,URBANITAS,2018-02-01, Actual,Maestría/Magister,Sin clasificar,Hw7ZjsEAAAAJ,1,5
CARLOS SUAREZ QUICENO,Integrante,11,https://scienti.minciencias.gov.co/cvlac/visualizador/generarCurriculoCv.do?cod_rh=0000485446,URBANITAS,2008-02-01, Actual,Doctorado,Investigador Junior (IJ),1ATgz8UAAAAJ,0,1
EDWIN ANDRES SEPULVEDA CARDONA,Integrante,22,https://scienti.minciencias.gov.co/cvlac/visualizador/generarCurriculoCv.do?cod_rh=0000703338,URBANITAS,2005-08-01, Actual,Doctorado,Investigador Asociado (I),KH7yFUsAAAAJ,3,4
FERNANDO AQUILES DE LA SANTISI ARANGO NAVARRO,Integrante,10,https://scienti.minciencias.gov.co/cvlac/visualizador/generarCurriculoCv.do?cod_rh=0001018922,URBANITAS,2014-08-01, Actual,Maestría/Magister,Sin clasificar,NA,0,1
JHOEEN SNEYDER ROJAS DIAZ,Integrante,20,https://scienti.minciencias.gov.co/cvlac/visualizador/generarCurriculoCv.do?cod_rh=0001317040,URBANITAS,2017-02-01, Actual,Maestría/Magister,Sin clasificar,SuGmv1UAAAAJ,1,1
JIMENA ISAZA ALVAREZ,Integrante,0,https://scienti.minciencias.gov.co/cvlac/visualizador/generarCurriculoCv.do?cod_rh=0000087315,URBANITAS,2019-01-01, Actual,Pregrado/Universitario,Sin clasificar,NA,0,0
JUAN DIEGO LOPEZ MEDINA,Integrante,10,https://scienti.minciencias.gov.co/cvlac/visualizador/generarCurriculoCv.do?cod_rh=0001206427,URBANITAS,2015-02-01, Actual,Doctorado,Sin clasificar,5rZW9KcAAAAJ,2,2
LINA MARIA MARTINEZ GUTIERREZ,Integrante,8,https://scienti.minciencias.gov.co/cvlac/visualizador/generarCurriculoCv.do?cod_rh=0001728525,URBANITAS,2020-02-01, Actual,Especialización,Sin clasificar,NA,0,0
MARCOS VEGA SENA,Integrante,0,https://scienti.minciencias.gov.co/cvlac/visualizador/generarCurriculoCv.do?cod_rh=0000630233,URBANITAS,2017-02-01, Actual,Maestría/Magister,Sin clasificar,h3lf-PsAAAAJ,2,0
LIGIA INES ZULUAGA ARIAS,Integrante,4,https://scienti.minciencias.gov.co/cvlac/visualizador/generarCurriculoCv.do?cod_rh=0001409601,URBANITAS,2020-01-01, Actual,Maestría/Magister,Sin clasificar,NA,0,1
PAULA ANDREA VARGAS LONDONO,Integrante,4,https://scienti.minciencias.gov.co/cvlac/visualizador/generarCurriculoCv.do?cod_rh=0000107235,URBANITAS,2019-02-01, Actual,Maestría/Magister,Sin clasificar,NA,0,0
ANDRES ALFREDO CASTRILLON CASTRILLON,Integrante,5,https://scienti.minciencias.gov.co/cvlac/visualizador/generarCurriculoCv.do?cod_rh=0001010859,FILOSOFIA Y TEOLOGIA CRITICA,2013-02-01, Actual,Maestría/Magister,Sin clasificar,9OSinr4AAAAJ&hl,3,4
DAVID ESTEBAN ZULUAGA MESA,Integrante,15,https://scienti.minciencias.gov.co/cvlac/visualizador/generarCurriculoCv.do?cod_rh=0000904473,FILOSOFIA Y TEOLOGIA CRITICA,2006-02-01, Actual,Doctorado,Investigador Asociado (I),09VhuCYAAAAJ,1,5
DANIEL ESTEBAN QUIROZ OSPINA,Integrante,3,https://scienti.minciencias.gov.co/cvlac/visualizador/generarCurriculoCv.do?cod_rh=0000075174,FILOSOFIA Y TEOLOGIA CRITICA,2018-01-01, Actual,Maestría/Magister,Sin clasificar,NA,0,0
JORGE WILLIAM GUERRA MONTOYA,Integrante,7,https://scienti.minciencias.gov.co/cvlac/visualizador/generarCurriculoCv.do?cod_rh=0000140546,FILOSOFIA Y TEOLOGIA CRITICA,2018-02-01, Actual,Maestría/Magister,Sin clasificar,NA,0,0
JUAN ESTEBAN LONDONO BETANCUR,Integrante,10,https://scienti.minciencias.gov.co/cvlac/visualizador/generarCurriculoCv.do?cod_rh=0001681125,FILOSOFIA Y TEOLOGIA CRITICA,2019-01-01, Actual,Doctorado,Sin clasificar,kmGAVz0AAAAJ,3,0
JUAN SEBASTIAN HERNANDEZ VALENCIA,Integrante,10,https://scienti.minciencias.gov.co/cvlac/visualizador/generarCurriculoCv.do?cod_rh=0001592411,FILOSOFIA Y TEOLOGIA CRITICA,2018-01-01, Actual,Maestría/Magister,Sin clasificar,YulZHwUAAAAJ,0,3
LINA MARCELA DE LA MILAGROSA CADAVID RAMIREZ,Integrante,11,https://scienti.minciencias.gov.co/cvlac/visualizador/generarCurriculoCv.do?cod_rh=0000883891,FILOSOFIA Y TEOLOGIA CRITICA,2010-06-01, Actual,Doctorado,Investigador Asociado (I),NA,0,5
MANUEL DAVID GOMEZ ERAZO,Integrante,12,https://scienti.minciencias.gov.co/cvlac/visualizador/generarCurriculoCv.do?cod_rh=0000070095,FILOSOFIA Y TEOLOGIA CRITICA,2018-01-01, Actual,Especialización,Sin clasificar,ZN11BuUAAAAJ,1,0
ANDRES ESCOBAR VASQUEZ,Integrante,10,https://scienti.minciencias.gov.co/cvlac/visualizador/generarCurriculoCv.do?cod_rh=0001534028,FILOSOFIA Y TEOLOGIA CRITICA,2021-01-01, Actual,Maestría/Magister,Sin clasificar,HgkxSmsAAAAJ,1,1
ANDRES FELIPE AGUDELO ZORRILLA,Integrante,9,https://scienti.minciencias.gov.co/cvlac/visualizador/generarCurriculoCv.do?cod_rh=0001411392,FILOSOFIA Y TEOLOGIA CRITICA,2019-01-01, Actual,Técnico,Sin clasificar,GJRrDiEAAAAJ&hl,0,2
CANDY LORENA CHAMORRO GONZALEZ,Integrante,6,https://scienti.minciencias.gov.co/cvlac/visualizador/generarCurriculoCv.do?cod_rh=0000087869,CONTAS,2019-02-01, Actual,Especialización,Sin clasificar,vOpE5gUAAAAJ&hl,4,4
MARIA VICTORIA AGUDELO VARGAS,Integrante,2,https://scienti.minciencias.gov.co/cvlac/visualizador/generarCurriculoCv.do?cod_rh=0000574961,CONTAS,2012-01-01, Actual,Doctorado,Investigador Junior (IJ),NA,0,0
ALBA LUCIA GOMEZ RAMIREZ,Integrante,13,https://scienti.minciencias.gov.co/cvlac/visualizador/generarCurriculoCv.do?cod_rh=0000512664,CONTAS,2017-01-01, Actual,Maestría/Magister,Sin clasificar,NA,0,0
CARLOS EDUARDO CASTANO RIOS,Integrante,2,https://scienti.minciencias.gov.co/cvlac/visualizador/generarCurriculoCv.do?cod_rh=0001412587,CONTAS,2015-01-01, Actual,Maestría/Magister,Investigador Asociado (I),LRUmr_cAAAAJ,14,4
CESAR AUGUSTO VALENCIA BAQUERO,Integrante,2,https://scienti.minciencias.gov.co/cvlac/visualizador/generarCurriculoCv.do?cod_rh=0000574503,CONTAS,2016-01-01, Actual,Maestría/Magister,Sin clasificar,NA,0,0
DIEGO ALEJANDRO RAMIREZ TAPIAS,Integrante,8,https://scienti.minciencias.gov.co/cvlac/visualizador/generarCurriculoCv.do?cod_rh=0001437009,CONTAS,2019-02-01, Actual,Maestría/Magister,Investigador Junior (IJ),opg3irUAAAAJ,3,2
ELKIN HORACIO QUIROS LIZARAZO,Integrante,6,https://scienti.minciencias.gov.co/cvlac/visualizador/generarCurriculoCv.do?cod_rh=0000439843,CONTAS,2003-02-01, Actual,Maestría/Magister,Investigador Asociado (I),WvCLonoAAAAJ,5,0
FARLEY SARY ROJAS RESTREPO,Integrante,4,https://scienti.minciencias.gov.co/cvlac/visualizador/generarCurriculoCv.do?cod_rh=0000009209,CONTAS,2016-05-01, Actual,Maestría/Magister,Investigador Junior (IJ),Q0JvK8cAAAAJ,6,8
JOHN FERNANDO DIOSSA CASTRO,Integrante,6,https://scienti.minciencias.gov.co/cvlac/visualizador/generarCurriculoCv.do?cod_rh=0001471004,CONTAS,2015-01-01, Actual,Maestría/Magister,Sin clasificar,NA,0,1
LEIDY PATRICIA RODRIGUEZ PINEROS,Integrante,2,https://scienti.minciencias.gov.co/cvlac/visualizador/generarCurriculoCv.do?cod_rh=0001836432,CONTAS,2020-06-01, Actual,Pregrado/Universitario,Sin clasificar,NA,0,0
LUZ MERY ORTIZ SANCHEZ,Integrante,0,https://scienti.minciencias.gov.co/cvlac/visualizador/generarCurriculoCv.do?cod_rh=0001322788,CONTAS,2019-01-01, Actual,Maestría/Magister,Sin clasificar,NA,0,3
MARIELA VELASQUEZ PEREZ,Integrante,8,https://scienti.minciencias.gov.co/cvlac/visualizador/generarCurriculoCv.do?cod_rh=0001500476,CONTAS,2019-01-01, Actual,CvLAC oculto,CvLAC oculto,NA,0,0
MARLON DAVID GARCIA JIMENEZ,Integrante,20,https://scienti.minciencias.gov.co/cvlac/visualizador/generarCurriculoCv.do?cod_rh=0001366775,CONTAS,2016-01-01, Actual,Maestría/Magister,Sin clasificar,zwGXNrAAAAAJ,4,2
MAURICIO ALEJANDRO BEDOYA JIMENEZ,Integrante,2,https://scienti.minciencias.gov.co/cvlac/visualizador/generarCurriculoCv.do?cod_rh=0001429266,CONTAS,2016-01-01, Actual,Maestría/Magister,Sin clasificar,wDY8t8gAAAAJ,1,3
OLGA PATRICIA VASQUEZ MONTOYA,Integrante,2,https://scienti.minciencias.gov.co/cvlac/visualizador/generarCurriculoCv.do?cod_rh=0001409276,CONTAS,2015-02-01, Actual,Maestría/Magister,Sin clasificar,NA,0,1
PAULA ANDREA USQUIANO YEPES,Integrante,8,https://scienti.minciencias.gov.co/cvlac/visualizador/generarCurriculoCv.do?cod_rh=0001757791,CONTAS,2019-01-01, Actual,Especialización,Sin clasificar,NA,0,0
RUBY STELLA CABRERA JARAMILLO,Integrante,4,https://scienti.minciencias.gov.co/cvlac/visualizador/generarCurriculoCv.do?cod_rh=0001580615,CONTAS,2019-02-01, Actual,Maestría/Magister,Sin clasificar,_Swwv5oAAAAJ,1,3
SOL BEATRIZ VELEZ ESCOBAR,Integrante,8,https://scienti.minciencias.gov.co/cvlac/visualizador/generarCurriculoCv.do?cod_rh=0001530033,CONTAS,2020-06-01, Actual,Maestría/Magister,Sin clasificar,NA,0,0
NATALIA ANDREA ALZATE ALZATE,Integrante,10,https://scienti.minciencias.gov.co/cvlac/visualizador/generarCurriculoCv.do?cod_rh=0000964875,LUES,2020-01-01, Actual,Doctorado,Sin clasificar,sAljacYAAAAJ,1,0
JENNY MARCELA ACEVEDO VALENCIA,Integrante,20,https://scienti.minciencias.gov.co/cvlac/visualizador/generarCurriculoCv.do?cod_rh=0001186337,LUES,2014-11-01, Actual,Maestría/Magister,Sin clasificar,ul0fN9wAAAAJ,4,2
ALFREDO MANUEL GHISO COTOS,Integrante,4,https://scienti.minciencias.gov.co/cvlac/visualizador/generarCurriculoCv.do?cod_rh=0000020192,LUES,1999-01-01, Actual,CvLAC oculto,CvLAC oculto,Cj2hqc4AAAAJ,3,2
ANGELA MARIA VELASQUEZ VELASQUEZ,Integrante,20,https://scienti.minciencias.gov.co/cvlac/visualizador/generarCurriculoCv.do?cod_rh=0000117510,LUES,2017-01-01, Actual,Doctorado,Investigador Junior (IJ),BbHGEOcAAAAJ,3,0
